{
	"service": [
		{"description": "facebook","name": "com.facebook.katana/com.facebook.common.dextricks.DexOptimization$Service","blockAfterClean": true,"blockAways": true},
		{"description": "facebook","name": "com.facebook.katana/com.facebook.video.heroplayer.service.HeroService","blockAfterClean": true,"blockAways": true},
		{"description": "facebook","name": "com.facebook.katana/com.facebook.analytics.appstatelogger.AppStateIntentService","blockAfterClean": true,"blockAways": true},
		{"description": "facebook","name": "com.facebook.katana/com.facebook.mqttlite.MqttService","blockAfterClean": true,"blockAways": true},
        {"description": "GMS guard","name": "com.google.android.gms/.droidguard.DroidGuardService","blockAfterClean": true,"blockAways": true},
		/*{"description": "facebook","name": "com.facebook.katana/com.facebook.analytics2.logger.LollipopUploadService","blockAfterClean": true,"blockAways": true},
		{"description": "facebook","name": "com.facebook.katana/com.facebook.conditionalworker.LollipopConditionalWorkerService","blockAfterClean": true,"blockAways": true},
		{"description": "facebook","name": "com.facebook.katana/com.facebook.push.registration.PushNegativeFeedbackLollipopService","blockAfterClean": true,"blockAways": true},*/
		/*{"description": "vending","name": "com.android.vending/com.google.android.finsky.ipcservers.background.BackgroundGrpcServerAndroidService","blockAfterClean": true,"blockAways": true},*/
		/*{"description": "GAID","name": "com.google.android.gms/.ads.identifier.service.AdvertisingIdService","blockAfterClean": true,"blockAways": true},*/
		/*MeasurementBrokerService Looks like it can't be intercepted, it will be stuck? Verify it*/
		/*{"description": "GAID","name": "com.google.android.gms/.measurement.service.MeasurementBrokerService","blockAfterClean": true,"blockAways": true},
		{"description": "GAID","name": "com.android.vending/com.google.android.finsky.billing.iab.InAppBillingService","blockAfterClean": true,"blockAways": true},*/
		{"description": "DownloadService","name": "com.android.vending/com.google.android.finsky.downloadservice.DownloadService","blockAfterClean": true,"blockAways": true},
		/*{"description": "GmsIntentOperationService","name": "com.google.android.gms/.chimera.GmsIntentOperationService","blockAfterClean": true,"blockAways": true},*/
		{"description": "toaa","name": "com.tencent.toaa/com.tencent.android.tpush.service.XGVipPushService","blockAfterClean": true,"blockAways": true},
		{"description": "GoogleLocationService","name": "com.google.android.gms/com.google.android.location.internal.server.GoogleLocationService","blockAfterClean": true,"blockAways": true},
		{"description": "GoogleLocationService","name": "com.google.android.gms/com.google.android.location.reporting.service.ReportingAndroidService","blockAfterClean": true,"blockAways": true},
		{"description": "GoogleLocationService","name": "com.google.android.gms/com.google.android.contextmanager.service.ContextManagerService","blockAfterClean": true,"blockAways": true},
		{"description": "PersistentDirectBootAwareApiService","name": "com.google.android.gms/.chimera.PersistentDirectBootAwareApiService","blockAfterClean": true,"blockAways": true},
		/*The above is a service that the game does not log in, does not operate, and does not start automatically*/
		/*{"description": "PersistentApiService","name": "com.google.android.gms/.chimera.PersistentApiService","blockAfterClean": true,"blockAways": true},*/
		/*{"description": "LockboxBrokerService","name": "com.google.android.gms/.lockbox.service.LockboxBrokerService","blockAfterClean": true,"blockAways": true},*/
		/*{"description": "pay need","name": "com.google.android.gms/.auth.account.authenticator.GoogleAccountAuthenticatorService","blockAfterClean": true,"blockAways": true}*/
		/*{"description": "LockboxBrokerService","name": "com.android.vending/com.google.android.finsky.instantapps.notificationenforcement.hygiene.NotificationEnforcementCleanupService","blockAfterClean": true,"blockAways": true},*/
		/*{"description": "UiIntentOperationService","name": "com.google.android.gms/.chimera.UiIntentOperationService","blockAfterClean": true,"blockAways": true},*/
		{"description": "IndexWorkerService","name": "com.google.android.gms/.icing.service.IndexWorkerService","blockAfterClean": true,"blockAways": true},
		{"description": "PeriodicRebuildIndexService","name": "com.google.android.gms/.icing.indexapi.PeriodicRebuildIndexService","blockAfterClean": true,"blockAways": true},
		{"description": "PlatformStatsCollectorService","name": "com.google.android.gms/.stats.PlatformStatsCollectorService","blockAfterClean": true,"blockAways": true},
		{"description": "EventLogService","name": "com.google.android.gms/.checkin.EventLogService","blockAfterClean": true,"blockAways": true},
		{"description": "IcingInternalCorporaUpdateService","name": "com.google.android.gms/.icing.proxy.IcingInternalCorporaUpdateService","blockAfterClean": true,"blockAways": true},
		{"description": "InstantAppsService","name": "com.google.android.gms/.instantapps.service.InstantAppsService","blockAfterClean": true,"blockAways": true}
		
	],
	"provider": [
        /*{"description": "GservicesProvider","name": "com.google.android.gsf.gservices.GservicesProvider","blockAfterClean": true,"blockAways": true},*/
        {"description": "GservicesProvider","name": "com.android.providers.contacts.ContactsProvider2","blockAfterClean": true,"blockAways": true},
        {"description": "GservicesProvider","name": "com.facebook.katana.provider.AttributionIdProvider","blockAfterClean": true,"blockAways": true},
		{"description": "FB","name": "com.facebook.platform.common.provider.PlatformProviderBase","blockAfterClean": true,"blockAways": true},
		{"description": "GMS","name": "com.google.android.gms.chimera.container.GmsModuleProvider","blockAfterClean": true,"blockAways": true},
		{"description": "GMS","name": "com.google.android.gsf.settings.GoogleSettingsProvider","blockAfterClean": true,"blockAways": true},
		{"description": "GMS","name": "com.google.android.gms.phenotype.provider.ConfigurationProvider","blockAfterClean": true,"blockAways": true},
		{"description": "GMS","name": "com.google.android.gms.instantapps.routing.InstantAppsContentProvider","blockAfterClean": true,"blockAways": true}
		

	],
	"process": [
        {"description": "gapps","name": "com.google.process.gapps"},
        {"description": "webview","name": "com.google.android.webview:webview_service"},
		{"description": "gms","name": "com.google.android.gms"},
		{"description": "play","name": "com.google.android.play.games"},
		{"description": "persistent","name": "com.google.android.gms.persistent"},
		{"description": "facebook","name": "com.facebook."},
		{"description": "firefox","name": "firefox"}
		

	]
}